NDC,drugbank_id
504190150,DB00001
667330948,DB00002
502420100,DB00003
584060435,DB00005
584060425,DB00005
652930001,DB00006
003003641,DB00007
000743346,DB00007
000743473,DB00007
003003642,DB00007
000743641,DB00007
000040350,DB00008
502420044,DB00009
502420085,DB00009
555130028,DB00012
555130023,DB00012
555130039,DB00012
555130126,DB00016
555130267,DB00016
596760310,DB00016
555130148,DB00016
596760320,DB00016
555130144,DB00016
596760302,DB00016
555130478,DB00016
596760340,DB00016
596760303,DB00016
596760304,DB00016
000780149,DB00017
000780311,DB00017
605050823,DB00017
584060050,DB00020
504190050,DB00020
584060002,DB00020
504190002,DB00020
000851370,DB00022
579020249,DB00023
673860411,DB00023
666580234,DB00026
242080790,DB00027
674670843,DB00028
009442620,DB00028
009442700,DB00028
135330645,DB00028
442060436,DB00028
000028501,DB00030
000028315,DB00030
001691833,DB00030
000028715,DB00030
000028215,DB00030
001691834,DB00030
000028615,DB00030
000028415,DB00030
000042015,DB00034
000752450,DB00035
000750016,DB00035
007035054,DB00035
555665040,DB00035
000752452,DB00035
000937316,DB00035
000752451,DB00035
553900004,DB00040
545694734,DB00040
539050991,DB00041
654830116,DB00041
000780495,DB00041
548684381,DB00046
000027511,DB00046
000027510,DB00046
000882220,DB00047
000645010,DB00048
000245150,DB00049
000744339,DB00051
584684663,DB00053
000027140,DB00054
000027561,DB00055
000027559,DB00055
000084510,DB00056
576650002,DB00059
596270001,DB00060
685165214,DB00062
442060251,DB00062
009440491,DB00062
674670643,DB00062
000537670,DB00062
000537680,DB00062
000851136,DB00063
000851177,DB00063
578940030,DB00065
633230302,DB00067
545693916,DB00067
615700420,DB00067
664350201,DB00069
674250002,DB00070
502420134,DB00072
502420053,DB00073
502420051,DB00073
000780331,DB00074
596760101,DB00075
506330120,DB00076
001730230,DB00076
679190011,DB00080
000231145,DB00083
504190355,DB00087
504190357,DB00087
584680357,DB00087
000780110,DB00091
000780109,DB00091
553900122,DB00091
000780248,DB00091
000780274,DB00091
000780240,DB00091
000780241,DB00091
000239163,DB00091
353560248,DB00091
000780246,DB00091
584680080,DB00098
555130546,DB00099
548682522,DB00099
545694824,DB00099
555130530,DB00099
000450810,DB00102
000780182,DB00104
553900160,DB00104
633230376,DB00104
000780183,DB00104
000780181,DB00104
000780180,DB00104
553900161,DB00104
633230377,DB00104
000780341,DB00104
000780342,DB00104
553900162,DB00104
000850571,DB00105
000851179,DB00105
615530740,DB00107
615700416,DB00107
633230012,DB00107
545691884,DB00107
000040380,DB00109
605744113,DB00110
605744111,DB00110
605744112,DB00110
605744114,DB00110
000040501,DB00111
502420061,DB00112
545692881,DB00115
002560185,DB00115
680840065,DB00115
743120013,DB00115
101350330,DB00115
743120006,DB00115
005170031,DB00115
009044218,DB00115
877010712,DB00115
005363541,DB00115
633230044,DB00115
001821017,DB00115
002649341,DB00117
003381144,DB00117
003381147,DB00117
002641909,DB00117
002641909,DB00120
003381144,DB00120
003381147,DB00120
002649341,DB00120
680840065,DB00121
002560185,DB00121
003381147,DB00123
003381144,DB00123
002641909,DB00123
002649341,DB00123
000090436,DB00125
003381144,DB00125
002649341,DB00125
003381147,DB00125
545695279,DB00126
656490201,DB00126
680840065,DB00126
002560185,DB00126
002649341,DB00128
003381144,DB00133
002649341,DB00133
003381147,DB00133
003381147,DB00134
002641909,DB00134
002649341,DB00134
003381144,DB00134
003381144,DB00135
003381147,DB00135
002649341,DB00135
000040144,DB00136
633230731,DB00136
000540007,DB00136
000930657,DB00136
000040143,DB00136
000930658,DB00136
680840065,DB00140
002560185,DB00140
104320065,DB00140
002649341,DB00142
002649341,DB00145
003381147,DB00145
003381144,DB00145
003381147,DB00149
002649341,DB00149
003381144,DB00149
002641909,DB00149
002641909,DB00150
003381147,DB00150
002649341,DB00150
003381144,DB00150
002641909,DB00151
002649341,DB00151
001820047,DB00152
009040544,DB00152
002560185,DB00152
633230013,DB00152
516450905,DB00152
006410610,DB00152
548682489,DB00152
680840065,DB00152
109390201,DB00152
005364678,DB00152
002231971,DB00153
104320170,DB00153
000914150,DB00153
003381147,DB00156
002641909,DB00156
003381144,DB00156
002649341,DB00156
625840897,DB00158
680840065,DB00158
633230184,DB00158
002560185,DB00158
003381147,DB00160
003381144,DB00160
002649341,DB00160
003381147,DB00161
002649341,DB00161
002641909,DB00161
003381144,DB00161
001864301,DB00162
665910239,DB00162
009042085,DB00162
617030418,DB00162
001864291,DB00162
005364799,DB00163
548380005,DB00163
005364801,DB00163
005364793,DB00163
001865800,DB00163
665910800,DB00163
274340031,DB00163
009040277,DB00163
001820086,DB00165
002560185,DB00165
633230180,DB00165
005364406,DB00165
680840065,DB00165
002649341,DB00167
003381147,DB00167
003381144,DB00167
002641909,DB00167
003381144,DB00172
003381147,DB00172
002649341,DB00172
000930771,DB00175
510790458,DB00175
000937201,DB00175
000035178,DB00175
680840186,DB00175
000035154,DB00175
636721050,DB00176
000780359,DB00177
000780423,DB00177
000780376,DB00177
000780358,DB00177
545695362,DB00177
615700110,DB00178
000540106,DB00178
680840267,DB00178
000390104,DB00178
615700111,DB00178
615700112,DB00178
004560672,DB00180
009043365,DB00181
582810563,DB00181
510790668,DB00181
582810561,DB00181
540920381,DB00182
005550762,DB00182
005550971,DB00182
548683976,DB00182
540920387,DB00182
007661450,DB00184
001350195,DB00184
007661470,DB00184
001350511,DB00184
007660045,DB00184
372050361,DB00184
372050988,DB00184
007661500,DB00184
372050363,DB00184
007661460,DB00184
633950201,DB00185
000543532,DB00186
100190102,DB00186
680840089,DB00186
000741985,DB00186
004091985,DB00186
000080581,DB00186
609770112,DB00186
510790417,DB00186
000241155,DB00186
510790386,DB00186
009041500,DB00186
009045980,DB00186
009041501,DB00186
100190055,DB00187
100190015,DB00187
553900062,DB00187
633230652,DB00187
100190025,DB00187
100190115,DB00187
100190075,DB00187
630200049,DB00188
188600342,DB00190
000560521,DB00190
009047719,DB00190
000560601,DB00190
000913342,DB00190
250100711,DB00190
004067171,DB00193
000450659,DB00193
000242301,DB00195
000650246,DB00195
000493450,DB00196
000493500,DB00196
000493436,DB00196
597625030,DB00196
000493440,DB00196
000493430,DB00196
498840941,DB00196
000493435,DB00196
001725413,DB00196
003782520,DB00196
597625018,DB00196
617030414,DB00196
003386046,DB00196
007031029,DB00196
004094688,DB00196
000493420,DB00196
007031020,DB00196
597625015,DB00196
597625017,DB00196
003386045,DB00196
597625016,DB00196
000040810,DB00198
000040800,DB00198
000040802,DB00198
000040820,DB00198
242080910,DB00199
004096482,DB00199
004720977,DB00199
009047926,DB00199
481020008,DB00199
000746478,DB00199
000746369,DB00199
000746304,DB00199
001680070,DB00199
001680215,DB00199
007130166,DB00201
000876011,DB00201
005740823,DB00201
005271552,DB00201
005172502,DB00201
198100007,DB00201
001431787,DB00201
005913219,DB00201
000780103,DB00201
000746629,DB00202
004096629,DB00202
000694210,DB00203
000694200,DB00203
000694190,DB00203
000695800,DB00204
000695820,DB00204
000695810,DB00204
520540330,DB00205
001730201,DB00205
000693110,DB00207
007811497,DB00207
000693150,DB00207
000693080,DB00207
000693060,DB00207
633230398,DB00207
597623060,DB00207
680840278,DB00207
597623080,DB00207
250210112,DB00207
000040018,DB00208
540920004,DB00211
002450212,DB00211
540920003,DB00211
683870293,DB00213
000080923,DB00213
510790417,DB00213
003001544,DB00213
000080841,DB00213
000040263,DB00214
000040264,DB00214
000040262,DB00214
000040265,DB00214
000040267,DB00214
005170770,DB00214
605052519,DB00215
001724741,DB00215
004564020,DB00215
548380540,DB00215
000654013,DB00218
000851733,DB00218
630100027,DB00220
545694543,DB00220
630100010,DB00220
000390221,DB00222
000390222,DB00222
000390223,DB00222
000060571,DB00224
000060573,DB00224
510790975,DB00227
000060731,DB00227
000711012,DB00230
000711014,DB00230
510790418,DB00231
100190070,DB00235
000241203,DB00235
633230617,DB00235
003386010,DB00235
000241200,DB00235
005970046,DB00238
005970047,DB00238
005913219,DB00241
005271552,DB00241
001431787,DB00241
596760201,DB00242
671590112,DB00243
004300752,DB00244
001490752,DB00244
540920189,DB00244
000321924,DB00244
000936888,DB00244
589140501,DB00244
510790222,DB00245
680840388,DB00245
147890300,DB00245
009041056,DB00245
673860611,DB00245
000063275,DB00245
510790220,DB00245
009041055,DB00245
510790221,DB00245
000493980,DB00246
000493990,DB00246
000493970,DB00246
000493960,DB00246
000493920,DB00246
000137001,DB00248
498840673,DB00248
000935420,DB00248
499380102,DB00250
499380101,DB00250
000625350,DB00251
000625351,DB00251
548682776,DB00252
001439881,DB00252
000710007,DB00252
000710362,DB00252
510790905,DB00252
000710365,DB00252
006410493,DB00252
001439882,DB00252
004091317,DB00252
000741317,DB00252
006412555,DB00252
000713740,DB00252
000710369,DB00252
529590055,DB00254
633230130,DB00254
553900110,DB00254
005740107,DB00257
516722003,DB00257
009047822,DB00257
000548146,DB00257
173149400,DB00257
165000023,DB00258
597306402,DB00258
597306401,DB00258
000540088,DB00258
001725241,DB00261
540920063,DB00261
000153012,DB00262
510790255,DB00264
009047772,DB00264
003780018,DB00264
680840304,DB00264
003780032,DB00264
553900348,DB00264
553900073,DB00264
625840788,DB00264
007811371,DB00264
581770293,DB00264
000741778,DB00264
001861090,DB00264
001861092,DB00264
510790801,DB00264
510790802,DB00264
000746102,DB00264
387790578,DB00264
001861088,DB00264
001439873,DB00264
000074892,DB00268
000074890,DB00268
000540116,DB00268
000074891,DB00268
000935284,DB00268
000935282,DB00268
000074893,DB00268
000780226,DB00270
000194816,DB00271
000450639,DB00273
000450642,DB00273
000930155,DB00273
000450641,DB00273
655970103,DB00275
009045888,DB00277
002583638,DB00277
004560644,DB00277
002583625,DB00277
000548845,DB00277
677810251,DB00277
501110483,DB00277
000850933,DB00277
000074407,DB00278
398220151,DB00279
004560050,DB00279
607930117,DB00279
607930116,DB00279
607930115,DB00279
000075210,DB00279
000933127,DB00280
003640739,DB00280
548683816,DB00280
003640740,DB00280
000252742,DB00280
000252732,DB00280
001860135,DB00281
000743183,DB00281
001860230,DB00281
004097931,DB00281
003380409,DB00281
001860215,DB00281
001680357,DB00281
000543505,DB00281
001680204,DB00281
004094713,DB00281
004094275,DB00281
001860112,DB00281
000744275,DB00281
001860137,DB00281
000742066,DB00281
001860240,DB00281
004094277,DB00281
633230490,DB00281
001861515,DB00281
000746217,DB00281
000747931,DB00281
001860235,DB00281
004093181,DB00281
000744282,DB00281
004094282,DB00281
000743182,DB00281
004093182,DB00281
001860122,DB00281
004094279,DB00281
004094270,DB00281
000744277,DB00281
001860330,DB00281
001860140,DB00281
174780711,DB00281
000548500,DB00281
000744903,DB00281
000741323,DB00281
000743178,DB00281
004093178,DB00281
001860210,DB00281
001860276,DB00281
005483011,DB00281
000543500,DB00281
005483012,DB00281
004093177,DB00281
634810687,DB00281
000744276,DB00281
633230201,DB00281
000744270,DB00281
004094276,DB00281
000744713,DB00281
763293012,DB00281
007034085,DB00282
633230734,DB00282
007034075,DB00282
553900204,DB00282
000262861,DB00284
000080704,DB00285
000080837,DB00285
000080833,DB00285
000080701,DB00285
510790480,DB00285
000080781,DB00285
000937380,DB00285
000937382,DB00285
000460749,DB00286
000461102,DB00286
000460872,DB00286
000460867,DB00286
000461100,DB00286
000460868,DB00286
000650266,DB00287
548685968,DB00287
000023229,DB00289
000023239,DB00289
007033154,DB00290
000153010,DB00290
553900005,DB00290
001730635,DB00291
553900762,DB00292
004096695,DB00292
000748062,DB00292
429980203,DB00295
000540235,DB00295
006416073,DB00295
100190176,DB00295
004091261,DB00295
000540237,DB00295
000540236,DB00295
004068330,DB00295
609770017,DB00295
004091762,DB00295
100190178,DB00295
004068315,DB00295
001861150,DB00295
664790560,DB00295
609770115,DB00295
000548585,DB00295
004091258,DB00295
004068390,DB00295
004091890,DB00295
005747112,DB00295
001860859,DB00296
633230285,DB00296
001861034,DB00297
001861033,DB00297
001861032,DB00297
004099042,DB00297
004099045,DB00297
001861030,DB00297
004091159,DB00297
004091162,DB00297
004091761,DB00297
619580401,DB00300
619580701,DB00300
000131114,DB00302
000063843,DB00303
000153002,DB00305
000153001,DB00305
000093794,DB00308
510790058,DB00310
000080303,DB00312
673860501,DB00312
000743778,DB00312
680940193,DB00313
000746214,DB00313
000747126,DB00313
000746215,DB00313
000746212,DB00313
000746114,DB00313
000745682,DB00313
510790767,DB00313
000743826,DB00313
510790766,DB00313
000741564,DB00313
002450182,DB00313
001439785,DB00313
002450181,DB00313
000745681,DB00313
002450180,DB00313
510790396,DB00316
001828447,DB00316
009045255,DB00316
001210657,DB00316
510790161,DB00316
004060357,DB00316
004060484,DB00316
001431787,DB00316
000544650,DB00316
001828453,DB00316
510790002,DB00316
006771781,DB00316
545692814,DB00316
007130165,DB00316
458020732,DB00316
458020730,DB00316
000543686,DB00316
009041988,DB00316
438250102,DB00316
009043440,DB00316
000548650,DB00316
000543010,DB00316
000450513,DB00316
000450501,DB00316
000548648,DB00316
634810623,DB00316
001210504,DB00316
004721200,DB00316
004060512,DB00316
004060484,DB00318
548684768,DB00318
000548156,DB00318
510790161,DB00318
001211775,DB00318
000450513,DB00318
001210504,DB00318
002068860,DB00319
002068855,DB00319
002068854,DB00319
002068852,DB00319
633230381,DB00319
002068862,DB00319
510790107,DB00321
510790131,DB00321
510790133,DB00321
001870938,DB00323
000045920,DB00323
119800211,DB00324
000743024,DB00325
004093024,DB00325
590110454,DB00327
590110442,DB00327
000742453,DB00327
000742416,DB00327
000742415,DB00327
000742451,DB00327
000742333,DB00327
000741312,DB00327
000741304,DB00327
005747224,DB00327
000548394,DB00327
000548392,DB00327
000080295,DB00327
000441017,DB00327
000742414,DB00327
000742334,DB00327
000441012,DB00327
004092634,DB00327
004091304,DB00327
004093356,DB00327
004092172,DB00327
617030243,DB00327
004091283,DB00327
004091312,DB00327
001821681,DB00328
001850720,DB00328
673860511,DB00328
510790190,DB00328
510790191,DB00328
000063376,DB00328
000060150,DB00328
688500012,DB00330
688500010,DB00330
001724330,DB00331
510790972,DB00331
000937212,DB00331
001724331,DB00331
001724332,DB00331
001724435,DB00331
000876074,DB00331
000876072,DB00331
000876073,DB00331
510790973,DB00331
000876070,DB00331
000876063,DB00331
625840259,DB00331
009045794,DB00331
000876060,DB00331
005970087,DB00332
495020685,DB00332
005970013,DB00332
005970082,DB00332
004879801,DB00332
000544538,DB00333
000548553,DB00333
004065771,DB00333
000543556,DB00333
000543555,DB00333
640190538,DB00333
664790530,DB00333
000548554,DB00333
674570217,DB00333
000541218,DB00333
004060527,DB00333
669930047,DB00334
000024454,DB00334
000024116,DB00334
000024117,DB00334
000024453,DB00334
000024115,DB00334
000024112,DB00334
000027597,DB00334
510790759,DB00335
005915777,DB00335
510790684,DB00335
510790685,DB00335
003001544,DB00338
000935211,DB00338
009045684,DB00338
510790007,DB00338
001860743,DB00338
611130742,DB00338
580160327,DB00338
529590536,DB00338
617480012,DB00339
510790691,DB00339
510790597,DB00341
000695510,DB00341
000690731,DB00341
553900566,DB00343
100190510,DB00343
000881777,DB00343
000881778,DB00343
510790745,DB00343
637390079,DB00343
004562613,DB00343
510790746,DB00343
510790747,DB00343
004091171,DB00343
004562615,DB00343
004562616,DB00343
002583688,DB00343
004562614,DB00343
004562612,DB00343
002583687,DB00343
553900565,DB00343
620370697,DB00343
002583690,DB00343
002583689,DB00343
673860310,DB00349
000090121,DB00350
003642173,DB00350
534890386,DB00350
005915643,DB00350
000150508,DB00351
000548604,DB00351
510790435,DB00351
510790434,DB00351
498840907,DB00351
009043571,DB00351
000780053,DB00353
000780054,DB00353
000032230,DB00355
514790041,DB00355
514790048,DB00355
514790049,DB00355
514790042,DB00355
000032240,DB00355
000032560,DB00355
510790840,DB00359
001850757,DB00359
001730656,DB00361
007034183,DB00361
553900070,DB00361
000490115,DB00362
000780126,DB00363
000780127,DB00363
000881712,DB00364
510790871,DB00364
637390261,DB00364
512850942,DB00367
512850769,DB00367
512850038,DB00367
007818932,DB00368
000747041,DB00368
004091443,DB00368
002471200,DB00368
000741443,DB00368
007031153,DB00368
619580101,DB00369
510790086,DB00370
000520107,DB00370
000520105,DB00370
000520106,DB00370
000063628,DB00373
242080324,DB00373
613140227,DB00373
503830233,DB00373
613140226,DB00373
000063367,DB00373
605050568,DB00373
242080330,DB00373
663020101,DB00374
663020206,DB00374
000090450,DB00375
000090260,DB00375
510790124,DB00376
510790115,DB00376
548682340,DB00376
000938741,DB00379
005970066,DB00379
005970067,DB00379
005970068,DB00379
580160740,DB00379
000938740,DB00379
553900060,DB00380
597621530,DB00381
000691520,DB00381
000780406,DB00381
000691530,DB00381
510790450,DB00381
510790451,DB00381
007811008,DB00384
000073650,DB00384
001083806,DB00384
651970002,DB00384
004091800,DB00388
174780205,DB00388
000241352,DB00388
005361389,DB00388
000241348,DB00388
000241353,DB00388
613140342,DB00388
000650359,DB00388
174780200,DB00388
005170405,DB00388
100190163,DB00388
667580016,DB00388
000548192,DB00390
001730242,DB00390
001730249,DB00390
006411410,DB00390
000548193,DB00390
576640135,DB00393
005550980,DB00393
000262855,DB00393
001730388,DB00394
593100177,DB00394
510790055,DB00395
000321708,DB00396
440870818,DB00396
000268488,DB00398
000780387,DB00399
000780350,DB00399
510790790,DB00404
510790789,DB00404
007811328,DB00404
510790788,DB00404
003951003,DB00406
510790902,DB00408
510790678,DB00408
525440494,DB00408
000291526,DB00410
000291527,DB00410
000291525,DB00410
000293159,DB00412
000293158,DB00412
000293160,DB00412
005550612,DB00413
005970183,DB00413
005970083,DB00413
005970184,DB00413
005970084,DB00413
005970185,DB00413
000090002,DB00413
000090004,DB00413
000090006,DB00413
005970190,DB00413
000157403,DB00415
000157405,DB00415
100190630,DB00415
580161032,DB00415
007819408,DB00415
000490014,DB00415
000490013,DB00415
007813404,DB00415
633230388,DB00415
000030972,DB00415
633230399,DB00415
100190631,DB00415
009044014,DB00415
510790602,DB00415
000157404,DB00415
633230389,DB00415
545692411,DB00415
000490024,DB00415
633230369,DB00415
633230368,DB00415
548683111,DB00415
000931172,DB00417
000935195,DB00417
672530201,DB00417
000935194,DB00417
000935199,DB00417
000251031,DB00421
510790980,DB00421
680840206,DB00421
510790103,DB00421
005175710,DB00421
000830016,DB00422
000780442,DB00422
000830007,DB00422
504580586,DB00422
173145851,DB00422
000830003,DB00422
004061121,DB00422
004061122,DB00422
001431290,DB00423
510790091,DB00423
510790092,DB00423
499990048,DB00423
662130425,DB00424
662130423,DB00424
581770255,DB00424
244860601,DB00424
000913537,DB00424
002250295,DB00424
000540086,DB00425
605052604,DB00425
000255401,DB00425
000245401,DB00425
510790724,DB00425
000074117,DB00426
000780368,DB00426
000540198,DB00426
000090856,DB00429
604320547,DB00431
005361270,DB00431
681880931,DB00431
613140044,DB00432
000073367,DB00433
000073363,DB00433
000073362,DB00433
498840550,DB00433
545690353,DB00433
007130135,DB00433
510790542,DB00433
510790541,DB00433
006410491,DB00433
553900077,DB00433
548681332,DB00434
004720755,DB00434
510790205,DB00437
625840713,DB00437
510790206,DB00437
007813177,DB00438
004095092,DB00438
001730379,DB00438
001730413,DB00438
001730412,DB00438
000745092,DB00438
001730378,DB00438
004721284,DB00440
000930088,DB00440
003640649,DB00440
005915571,DB00440
537460271,DB00440
135510501,DB00440
005364683,DB00440
009042725,DB00440
007039514,DB00440
503830823,DB00440
000027502,DB00441
007813283,DB00441
000031614,DB00442
000031612,DB00442
000031611,DB00442
004720370,DB00443
516721274,DB00443
001680040,DB00443
001680055,DB00443
001680056,DB00443
001680266,DB00443
004720371,DB00443
004720380,DB00443
001680057,DB00443
004720381,DB00443
000850575,DB00443
000850566,DB00443
000095091,DB00445
633230011,DB00446
000560172,DB00448
003003046,DB00448
003001544,DB00448
007815734,DB00448
003001541,DB00448
647640544,DB00448
000741187,DB00450
110980010,DB00450
000747069,DB00451
004560050,DB00451
000747068,DB00451
526045100,DB00451
000744552,DB00451
000746624,DB00451
000747148,DB00451
000745182,DB00451
000749296,DB00451
000744341,DB00451
000747149,DB00451
526045125,DB00451
000747070,DB00451
000746594,DB00451
633230649,DB00451
000741203,DB00454
000741178,DB00454
004091178,DB00454
004091180,DB00454
000548595,DB00454
000741180,DB00454
004091203,DB00454
000543545,DB00454
003382691,DB00454
004091176,DB00454
529590452,DB00455
000850458,DB00455
510790631,DB00457
510790632,DB00457
510790630,DB00457
534890330,DB00458
007811764,DB00458
547380913,DB00458
625840751,DB00458
625840750,DB00458
545692726,DB00458
001454300,DB00459
684620359,DB00461
000294852,DB00461
498840650,DB00461
000294851,DB00461
553900480,DB00465
633230161,DB00465
000743795,DB00465
000046925,DB00465
004093795,DB00465
633230162,DB00465
100190029,DB00465
553900481,DB00465
000742288,DB00465
000232181,DB00465
133100153,DB00468
005913593,DB00470
005913591,DB00470
548683084,DB00470
000510021,DB00470
000060117,DB00471
000060275,DB00471
007773105,DB00472
007773104,DB00472
007775120,DB00472
510790971,DB00472
000934356,DB00472
009045785,DB00472
001724363,DB00472
510790141,DB00475
510790374,DB00475
510790375,DB00475
000023240,DB00476
000023235,DB00476
006411397,DB00477
000075061,DB00477
510790518,DB00477
510790516,DB00477
510790130,DB00477
510790519,DB00477
001151911,DB00478
002583711,DB00478
007039040,DB00479
000153020,DB00479
000024165,DB00481
000251520,DB00482
000251525,DB00482
000239177,DB00484
510790610,DB00485
499990267,DB00485
000933123,DB00485
000933125,DB00485
005361190,DB00485
009042648,DB00485
504190105,DB00489
605050080,DB00489
510790986,DB00490
510790985,DB00490
510790960,DB00490
001725664,DB00490
001725663,DB00490
000870819,DB00490
000870818,DB00490
000871202,DB00492
000870158,DB00492
000870609,DB00492
000390019,DB00493
000780327,DB00494
580160690,DB00495
001730107,DB00495
001730113,DB00495
001730595,DB00495
001730108,DB00495
497020202,DB00495
000935385,DB00495
001730691,DB00495
004060552,DB00497
004068515,DB00497
665910913,DB00497
636293774,DB00497
665910931,DB00497
634810623,DB00497
000548648,DB00497
590110410,DB00497
000543682,DB00497
000544650,DB00497
000543686,DB00497
590110100,DB00497
590110105,DB00497
000548650,DB00497
590110103,DB00497
590110440,DB00497
004060512,DB00497
000548657,DB00497
001724960,DB00499
000850525,DB00499
510790808,DB00501
510790807,DB00501
001727171,DB00501
000543350,DB00502
510790734,DB00502
510790733,DB00502
007811397,DB00502
000548342,DB00502
000548345,DB00502
003780327,DB00502
553900147,DB00502
000548344,DB00502
007811393,DB00502
633230474,DB00502
000939604,DB00502
625840725,DB00502
000548346,DB00502
001210581,DB00502
000450255,DB00502
007037021,DB00502
000450253,DB00502
000743956,DB00503
000749492,DB00503
000741940,DB00503
000746633,DB00503
000746799,DB00503
000743333,DB00503
000743959,DB00503
675460111,DB00507
004096510,DB00512
633230314,DB00512
000027355,DB00512
004096533,DB00512
004094332,DB00512
633230221,DB00512
000021444,DB00512
004096509,DB00512
233600152,DB00512
003383552,DB00512
000744346,DB00513
664790023,DB00513
004094346,DB00513
664790021,DB00513
617480044,DB00513
001210638,DB00514
617870062,DB00514
476820217,DB00514
545691051,DB00514
633230103,DB00515
000153220,DB00515
000075500,DB00518
000485806,DB00519
000485805,DB00519
000742280,DB00519
000742278,DB00519
000485807,DB00519
000742279,DB00519
000063822,DB00520
000063823,DB00520
174780710,DB00521
242080367,DB00521
510790023,DB00524
510790024,DB00524
530140975,DB00524
530140850,DB00524
530140835,DB00524
001680008,DB00525
000240590,DB00526
000240591,DB00526
001680046,DB00527
001861905,DB00529
001861906,DB00529
004093863,DB00529
502420062,DB00530
502420064,DB00530
000544130,DB00531
100190956,DB00531
000150503,DB00531
000150504,DB00531
000150505,DB00531
000544129,DB00531
000150548,DB00531
000268552,DB00537
004094777,DB00537
613140656,DB00537
001725311,DB00537
000650654,DB00537
000650656,DB00537
000268554,DB00537
007813239,DB00537
000268513,DB00537
000851777,DB00537
680840070,DB00537
001725312,DB00537
000268512,DB00537
005550815,DB00537
004094778,DB00537
000851741,DB00537
000851755,DB00537
007030958,DB00537
007030956,DB00537
009047941,DB00540
545693849,DB00540
680840031,DB00540
004069918,DB00540
545690225,DB00540
000780016,DB00540
617030309,DB00541
007034412,DB00541
000830063,DB00542
000830079,DB00542
000780449,DB00542
000780447,DB00542
000780406,DB00542
000780448,DB00542
005915714,DB00543
172360889,DB00543
007033015,DB00544
667580044,DB00544
633230117,DB00544
007033018,DB00544
005913191,DB00545
001153511,DB00545
007813040,DB00545
000520460,DB00545
001873010,DB00545
001873012,DB00545
001873013,DB00545
003100402,DB00549
548681752,DB00550
000054609,DB00550
001431480,DB00550
627010800,DB00552
510790742,DB00554
000930756,DB00554
510790743,DB00554
001730633,DB00555
000930039,DB00555
000930463,DB00555
001730526,DB00555
001730756,DB00555
001730642,DB00555
516550079,DB00557
501110308,DB00557
005174201,DB00557
633230021,DB00557
000084990,DB00560
000085360,DB00560
625840782,DB00563
617030408,DB00563
510790670,DB00563
553900034,DB00563
553900033,DB00563
633230122,DB00563
553900143,DB00563
553900031,DB00563
540920172,DB00564
009043855,DB00564
666890323,DB00564
680940214,DB00564
516724047,DB00564
516724124,DB00564
540920173,DB00564
000830027,DB00564
510790870,DB00564
000830063,DB00564
000830052,DB00564
000830062,DB00564
000830061,DB00564
000744380,DB00565
000744382,DB00565
000744378,DB00565
681800124,DB00567
510790604,DB00567
510790605,DB00567
001439897,DB00567
550451415,DB00567
545691025,DB00567
662032300,DB00569
000073230,DB00569
000073232,DB00569
000073234,DB00569
633230278,DB00570
553900091,DB00570
000460473,DB00571
240900471,DB00571
100190145,DB00571
000543727,DB00571
001439872,DB00571
003786220,DB00571
009040411,DB00571
003786160,DB00571
000460471,DB00571
000460470,DB00571
510790278,DB00571
510790277,DB00571
510790279,DB00571
662130425,DB00572
000314250,DB00572
633230234,DB00572
100190250,DB00572
000543194,DB00572
009980303,DB00572
545693251,DB00572
662130423,DB00572
004094911,DB00572
510790067,DB00572
005171010,DB00572
000744911,DB00572
100190251,DB00572
242080750,DB00572
593900186,DB00572
003780415,DB00572
003780872,DB00575
664790520,DB00575
003780873,DB00575
003780871,DB00575
664790521,DB00575
005970032,DB00575
005970031,DB00575
510790299,DB00575
510790300,DB00575
009045656,DB00575
005970033,DB00575
001730933,DB00577
000548486,DB00581
006031378,DB00581
604320038,DB00581
000321602,DB00581
597620930,DB00582
000493170,DB00582
000493190,DB00582
000493180,DB00582
543910050,DB00583
649800130,DB00583
503830172,DB00583
544820144,DB00583
007030404,DB00583
510790952,DB00584
510790951,DB00584
007811785,DB00586
000544221,DB00586
000548222,DB00586
587680100,DB00586
242080457,DB00586
001730498,DB00588
001730453,DB00588
001730499,DB00588
000543270,DB00588
001730695,DB00588
001730494,DB00588
001730697,DB00588
001730719,DB00588
001730696,DB00588
510790958,DB00590
510790957,DB00590
510790959,DB00590
009045522,DB00590
000492760,DB00590
000492750,DB00590
000492780,DB00590
000492770,DB00590
009045524,DB00590
001680064,DB00591
281050149,DB00591
001680059,DB00591
001680058,DB00591
001680060,DB00591
000710237,DB00593
000712418,DB00593
498840117,DB00594
000850362,DB00598
001828202,DB00598
510790928,DB00598
553900130,DB00598
510790929,DB00598
001724365,DB00598
609760346,DB00598
000095136,DB00601
000095135,DB00601
000095140,DB00601
000060032,DB00602
000090064,DB00603
000090746,DB00603
000090050,DB00603
007036801,DB00603
006771174,DB00605
005915661,DB00605
007813124,DB00607
003381019,DB00607
007813125,DB00607
003381017,DB00607
001431195,DB00608
000240084,DB00608
000875650,DB00611
001850771,DB00612
000135301,DB00615
000059218,DB00618
000059270,DB00618
001152111,DB00618
000780401,DB00619
000780402,DB00619
000780438,DB00619
001825047,DB00620
000030494,DB00620
001680005,DB00620
458020054,DB00620
000030293,DB00620
516721267,DB00620
001680089,DB00620
001680006,DB00620
516721263,DB00620
458020055,DB00620
001680081,DB00620
001680004,DB00620
004720306,DB00620
001680003,DB00620
543960111,DB00621
001850271,DB00621
000040183,DB00622
007038315,DB00622
007813204,DB00622
244770030,DB00622
672860812,DB00622
000040184,DB00622
498840499,DB00622
244770323,DB00622
633230272,DB00623
001210653,DB00623
007811438,DB00623
007811436,DB00623
007811439,DB00623
510790486,DB00623
000030801,DB00623
000030569,DB00623
633230281,DB00623
007811437,DB00623
004692810,DB00623
525440470,DB00624
000518450,DB00624
000518425,DB00624
545695339,DB00624
548683704,DB00624
525440077,DB00624
000560510,DB00625
000560474,DB00625
398220277,DB00626
494520800,DB00626
615700049,DB00626
001680273,DB00626
481020007,DB00626
001680027,DB00626
001680021,DB00626
001680012,DB00626
242080555,DB00626
001680026,DB00626
001680011,DB00626
000090233,DB00626
510790009,DB00627
001820053,DB00627
009044202,DB00627
009042272,DB00627
001824418,DB00627
001820001,DB00627
002560185,DB00627
009040629,DB00627
680840065,DB00627
005364077,DB00627
633040552,DB00628
000060936,DB00630
000935140,DB00630
000060925,DB00630
000060031,DB00630
584680100,DB00631
000741638,DB00633
004091638,DB00633
000230313,DB00634
001680079,DB00634
119800011,DB00634
119800022,DB00634
000548729,DB00635
000543721,DB00635
000548740,DB00635
000548725,DB00635
000548726,DB00635
000548739,DB00635
001431475,DB00635
000540017,DB00635
000548724,DB00635
000540019,DB00635
000540018,DB00635
004690871,DB00640
004690872,DB00640
553900067,DB00640
007038771,DB00640
633230651,DB00640
000060749,DB00641
004062068,DB00641
510790456,DB00641
510790454,DB00641
000060735,DB00641
000027623,DB00642
000939107,DB00643
004725003,DB00646
001680007,DB00646
003642051,DB00646
004721320,DB00646
001680054,DB00646
001680089,DB00646
654730705,DB00646
001680081,DB00646
548683492,DB00646
545691247,DB00646
545691018,DB00646
534890400,DB00646
516721263,DB00646
512850534,DB00646
509620251,DB00646
000030593,DB00646
000031964,DB00649
000031965,DB00649
000031966,DB00649
000031967,DB00649
003785041,DB00649
000544496,DB00650
007035140,DB00650
510790582,DB00650
553900052,DB00650
553900054,DB00650
633230064,DB00653
005172650,DB00653
005172602,DB00653
004096729,DB00653
243850807,DB00653
242080463,DB00654
000138303,DB00654
005170830,DB00654
009043990,DB00656
009043991,DB00656
510790428,DB00656
637390246,DB00656
001821259,DB00656
605052654,DB00656
584680020,DB00658
584680021,DB00658
584684709,DB00658
584680130,DB00658
004563330,DB00659
607930136,DB00660
005910404,DB00661
000441825,DB00661
580160509,DB00661
009042920,DB00661
510790683,DB00661
009042924,DB00661
005175402,DB00661
001724285,DB00661
001724280,DB00661
004094011,DB00661
510790899,DB00661
001724286,DB00661
510790869,DB00661
615700540,DB00662
615700541,DB00662
420230118,DB00662
004093177,DB00668
004099042,DB00668
004099045,DB00668
001860140,DB00668
005171130,DB00668
001860122,DB00668
000747241,DB00668
004097241,DB00668
420230122,DB00668
004094921,DB00668
004093178,DB00668
004093181,DB00668
004093182,DB00668
495020500,DB00668
001861034,DB00668
000930222,DB00669
000930223,DB00669
001730449,DB00669
007813174,DB00669
001730735,DB00669
681800202,DB00671
510790202,DB00672
000060462,DB00673
000060461,DB00673
504580390,DB00674
504580396,DB00674
005550138,DB00674
101470881,DB00674
000930784,DB00675
637390269,DB00675
003100600,DB00675
005550446,DB00675
000060952,DB00678
007815701,DB00678
000060951,DB00678
510790580,DB00679
007811644,DB00679
510790566,DB00679
510790565,DB00679
004693051,DB00681
398221055,DB00681
000030437,DB00681
000560172,DB00682
000560174,DB00682
000560173,DB00682
000560169,DB00682
000560176,DB00682
005900324,DB00682
000560170,DB00682
004092308,DB00683
000742596,DB00683
100190027,DB00683
100190028,DB00683
615530196,DB00683
000742587,DB00683
633040205,DB00683
633230306,DB00684
000650647,DB00684
000743255,DB00684
000650643,DB00684
613140647,DB00684
000650644,DB00684
000032725,DB00684
007039402,DB00684
004093577,DB00684
398220412,DB00684
000780494,DB00684
539050065,DB00684
242080295,DB00684
000650648,DB00684
173149300,DB00686
001157033,DB00687
005550997,DB00687
000040260,DB00688
000040298,DB00688
000040261,DB00688
510790721,DB00688
000040259,DB00688
003784472,DB00688
000913715,DB00691
005740112,DB00691
621750177,DB00691
000913707,DB00691
553900113,DB00692
545694702,DB00692
000650092,DB00693
553900108,DB00694
619580301,DB00694
009042725,DB00695
001821170,DB00695
000548301,DB00695
510790073,DB00695
510790072,DB00695
001821161,DB00695
005175710,DB00695
005175704,DB00695
000746102,DB00695
004096102,DB00695
000543294,DB00695
510790527,DB00695
005175702,DB00695
000744902,DB00695
000548298,DB00695
000548299,DB00695
000548297,DB00695
007130166,DB00696
590750594,DB00697
498840782,DB00697
545690181,DB00698
001490007,DB00698
596300450,DB00698
510790348,DB00698
001490710,DB00698
001490009,DB00698
000251710,DB00700
000251720,DB00700
597621710,DB00700
597621720,DB00700
001730672,DB00701
007811071,DB00703
000560011,DB00704
005550902,DB00704
510790294,DB00706
001158211,DB00706
005970058,DB00706
589140155,DB00707
001730470,DB00709
001730471,DB00709
001730595,DB00709
000935385,DB00709
001730691,DB00709
001730662,DB00709
497020202,DB00709
000040188,DB00710
119800801,DB00712
000157981,DB00713
003381013,DB00713
000157970,DB00713
000157103,DB00713
007813103,DB00713
009045676,DB00715
680840044,DB00715
680840045,DB00715
000293212,DB00715
009045677,DB00715
000293215,DB00715
000293211,DB00715
009045678,DB00715
000293207,DB00715
000293210,DB00715
000293206,DB00715
005559009,DB00717
525440630,DB00717
000621411,DB00717
000780377,DB00717
619580501,DB00718
510790983,DB00722
005910407,DB00722
510790981,DB00722
001723759,DB00722
003100131,DB00722
009045808,DB00722
003100132,DB00722
009045809,DB00722
001723758,DB00722
605050185,DB00722
001723760,DB00722
009045640,DB00722
003100130,DB00722
000890610,DB00724
004091484,DB00727
001680038,DB00727
003789104,DB00727
684620146,DB00727
545694631,DB00727
001680326,DB00727
002810326,DB00727
003381051,DB00727
005174810,DB00727
000744104,DB00727
545693360,DB00727
003789112,DB00727
006034782,DB00727
001820702,DB00727
000710418,DB00727
000710417,DB00727
001820703,DB00727
000741484,DB00727
003789116,DB00727
000891301,DB00727
633230426,DB00728
101390235,DB00728
000520450,DB00728
004099558,DB00728
007032394,DB00728
000780351,DB00731
000460374,DB00733
504580301,DB00734
605052585,DB00734
009045973,DB00734
605052584,DB00734
605052586,DB00734
510790462,DB00734
504580320,DB00734
504580330,DB00734
504580315,DB00734
504580300,DB00734
504580302,DB00734
504580395,DB00734
504580306,DB00734
504580307,DB00734
504580305,DB00734
504580596,DB00734
504580601,DB00734
504580308,DB00734
504580602,DB00734
009045976,DB00734
605052587,DB00734
001865022,DB00736
001865020,DB00736
510790089,DB00737
510790090,DB00737
633230877,DB00738
000757700,DB00740
000745671,DB00741
001680014,DB00741
005742020,DB00741
009040160,DB00741
615700313,DB00741
106310407,DB00741
000090011,DB00741
005363913,DB00741
004960716,DB00741
001431254,DB00741
000090900,DB00741
000090825,DB00741
000090012,DB00741
000090031,DB00741
242080635,DB00741
682200140,DB00741
001680146,DB00741
001680015,DB00741
001680016,DB00741
615700033,DB00741
005744103,DB00741
516722015,DB00741
001680080,DB00741
233170331,DB00741
004720321,DB00741
656490401,DB00741
003380357,DB00742
004094031,DB00742
004097715,DB00742
000747715,DB00742
000744031,DB00742
687340710,DB00744
687340700,DB00744
101220902,DB00744
634590101,DB00745
634590100,DB00745
634590200,DB00745
004092337,DB00746
004092336,DB00746
009980331,DB00747
000674345,DB00747
662130425,DB00747
662130423,DB00747
100190553,DB00747
633230268,DB00747
003787200,DB00749
001861515,DB00750
001680357,DB00750
000074471,DB00752
005550808,DB00755
000040250,DB00755
000620175,DB00755
004720117,DB00755
000881203,DB00757
000881208,DB00757
000881206,DB00757
636531171,DB00758
636531332,DB00758
005550011,DB00759
003100321,DB00760
003100325,DB00760
003380709,DB00761
000650795,DB00761
003380803,DB00761
004096653,DB00761
004096651,DB00761
003380703,DB00761
003380117,DB00761
000743236,DB00761
000746651,DB00761
003380807,DB00761
003380811,DB00761
006031532,DB00761
003380221,DB00761
003380683,DB00761
003380687,DB00761
656490201,DB00761
000914401,DB00761
522680100,DB00761
002450041,DB00761
003380125,DB00761
245710103,DB00761
003380675,DB00761
000746653,DB00761
581770202,DB00761
581770001,DB00761
003380705,DB00761
003380691,DB00761
003380671,DB00761
000097529,DB00762
007034434,DB00762
001850210,DB00763
680840275,DB00763
607930104,DB00763
526041094,DB00763
526041095,DB00763
607930105,DB00763
000296075,DB00766
000296080,DB00766
498840298,DB00766
000296086,DB00766
000296090,DB00766
000296571,DB00766
666851002,DB00766
666851001,DB00766
000650271,DB00768
000093169,DB00770
000153095,DB00773
007035653,DB00773
613790120,DB00775
000063713,DB00775
252080002,DB00775
000780337,DB00776
633040653,DB00776
007816270,DB00776
000540099,DB00776
000780457,DB00776
000780338,DB00776
000540097,DB00776
625840142,DB00776
000780357,DB00776
000710270,DB00780
000710350,DB00780
242080555,DB00781
242080790,DB00781
009980630,DB00781
001680027,DB00781
615700047,DB00781
615700049,DB00781
001680021,DB00781
001680273,DB00781
000650631,DB00781
001680012,DB00781
553900139,DB00781
242080635,DB00781
005744103,DB00781
615700033,DB00781
525440471,DB00783
000832320,DB00783
004300023,DB00783
005910487,DB00783
000780344,DB00783
000780365,DB00783
000780377,DB00783
000870755,DB00783
001730995,DB00787
000938940,DB00787
001730949,DB00787
000938947,DB00787
004720082,DB00787
644550993,DB00787
001730953,DB00787
001730991,DB00787
553900613,DB00787
503830810,DB00787
633230105,DB00787
001730945,DB00787
633230325,DB00787
001730993,DB00787
000938943,DB00787
009045789,DB00787
510790794,DB00788
009045535,DB00788
510790793,DB00788
009045536,DB00788
664900690,DB00794
590750690,DB00794
009045559,DB00794
590750691,DB00794
664900691,DB00794
001431484,DB00794
009040560,DB00794
000130102,DB00795
000130101,DB00795
005910796,DB00795
001860004,DB00796
001860016,DB00796
509620251,DB00798
000743400,DB00798
633230173,DB00798
001680071,DB00798
003380509,DB00798
242080580,DB00798
548684103,DB00798
006410395,DB00798
613140633,DB00798
003380507,DB00798
003380511,DB00798
174780284,DB00798
633230393,DB00803
615700414,DB00803
398220615,DB00803
510790118,DB00804
005363377,DB00804
545690417,DB00804
000390078,DB00806
119800048,DB00807
613140016,DB00807
597460112,DB00808
000750082,DB00808
242080585,DB00809
009980355,DB00809
174780101,DB00809
009980354,DB00809
498840856,DB00811
000851385,DB00811
664350101,DB00811
001870007,DB00811
004099094,DB00813
005913214,DB00813
504580034,DB00813
100190033,DB00813
504580033,DB00813
005913198,DB00813
504580037,DB00813
504580035,DB00813
100190034,DB00813
634590541,DB00813
100190037,DB00813
504580036,DB00813
634590504,DB00813
110980030,DB00813
003789124,DB00813
003789123,DB00813
100190035,DB00813
003789122,DB00813
003789121,DB00813
007817112,DB00813
007817109,DB00813
003789119,DB00813
100190038,DB00813
005970029,DB00814
633230297,DB00818
003100300,DB00818
633230269,DB00818
553900460,DB00819
516724022,DB00819
000050753,DB00819
516724023,DB00819
577060753,DB00819
577060755,DB00819
512850754,DB00819
577060754,DB00819
548685034,DB00822
005363767,DB00822
619240188,DB00825
004564300,DB00828
510790285,DB00829
004091273,DB00829
545695351,DB00829
000741273,DB00829
006410369,DB00829
510790286,DB00829
000743213,DB00829
510790284,DB00829
007811034,DB00831
510790572,DB00831
007811032,DB00831
000930311,DB00836
000548535,DB00836
000548534,DB00836
505800293,DB00836
680940217,DB00836
510790690,DB00836
510790292,DB00839
003381073,DB00841
553900560,DB00841
000742346,DB00841
004092346,DB00841
625840812,DB00842
510790478,DB00842
002282067,DB00842
625840813,DB00842
638570328,DB00842
597620246,DB00843
628560245,DB00843
628560246,DB00843
009046242,DB00843
000741463,DB00844
004091463,DB00844
673860802,DB00849
519910417,DB00849
007811046,DB00850
007811048,DB00850
007811047,DB00850
001210673,DB00850
000268151,DB00851
553900090,DB00851
005361850,DB00852
009045053,DB00852
548685348,DB00853
000851244,DB00853
000851259,DB00853
000674001,DB00857
516722080,DB00857
000780179,DB00857
000673998,DB00857
000374401,DB00859
594390455,DB00860
604320212,DB00860
007811883,DB00863
001730362,DB00863
001730383,DB00863
001730344,DB00863
001210752,DB00863
009045261,DB00863
001214752,DB00863
680940204,DB00863
004690607,DB00864
007812102,DB00864
004690657,DB00864
004695201,DB00864
004695202,DB00864
007812103,DB00864
004690617,DB00864
007812104,DB00864
004560688,DB00868
501110851,DB00868
581770091,DB00868
000063628,DB00869
503830233,DB00869
605050567,DB00869
605050568,DB00869
000063519,DB00869
503830232,DB00869
553900101,DB00871
510790332,DB00874
638240008,DB00874
476820217,DB00874
001210419,DB00874
617870062,DB00874
001211744,DB00874
548684768,DB00874
001210638,DB00874
001210683,DB00874
009047759,DB00874
003720006,DB00874
001211775,DB00874
001211683,DB00874
510790327,DB00874
000318674,DB00874
000081040,DB00877
000081030,DB00877
000081031,DB00877
000081041,DB00877
004720036,DB00878
512840620,DB00878
545695235,DB00878
509620800,DB00878
619580601,DB00879
619580602,DB00879
619580701,DB00879
673860711,DB00880
510790060,DB00880
000063619,DB00880
000060214,DB00880
633230658,DB00880
000060432,DB00880
000710527,DB00881
000710530,DB00881
000710535,DB00881
000710532,DB00881
597625019,DB00881
002583613,DB00883
007811556,DB00883
009042154,DB00883
510790085,DB00883
510790084,DB00883
548682297,DB00883
000084139,DB00883
000084126,DB00883
001490472,DB00884
000741412,DB00887
000040121,DB00887
000040162,DB00887
510790891,DB00887
553900500,DB00887
510790893,DB00887
000040125,DB00887
673860911,DB00888
000040241,DB00889
000937485,DB00889
000040240,DB00889
525440931,DB00893
005170134,DB00893
007811441,DB00897
000544859,DB00897
007811442,DB00897
529590402,DB00897
005178575,DB00898
002641978,DB00898
000744498,DB00899
000876650,DB00900
000876652,DB00900
005550590,DB00900
000876674,DB00900
000876671,DB00900
000876672,DB00900
000876673,DB00900
005550589,DB00900
250100205,DB00903
000060065,DB00903
000063620,DB00903
250100210,DB00903
510790524,DB00904
007815266,DB00904
627560356,DB00904
007813057,DB00904
007815265,DB00904
000937301,DB00904
001730442,DB00904
001730569,DB00904
001730570,DB00904
001730446,DB00904
007815238,DB00904
000239187,DB00905
000743904,DB00906
634590404,DB00906
000543155,DB00907
000543154,DB00907
005271728,DB00907
534890461,DB00908
000021407,DB00908
510790027,DB00908
548680898,DB00908
001850193,DB00909
680840183,DB00909
510790768,DB00909
590750680,DB00909
590750681,DB00909
628560680,DB00909
000741658,DB00910
001690082,DB00912
001690081,DB00912
001690084,DB00912
001210646,DB00915
574800300,DB00915
634810205,DB00915
510790481,DB00915
609510656,DB00915
002993835,DB00916
009051804,DB00916
510790126,DB00916
004097811,DB00916
000890200,DB00916
000747811,DB00916
003381055,DB00916
360000001,DB00916
510790122,DB00916
002993820,DB00916
007817077,DB00916
124961306,DB00921
124960757,DB00921
000540176,DB00921
510790644,DB00924
651970001,DB00925
100190046,DB00927
000063541,DB00927
646790936,DB00927
100190045,DB00927
001725728,DB00927
003385197,DB00927
000063537,DB00927
000060963,DB00927
510790966,DB00927
672110102,DB00928
595720102,DB00928
000251461,DB00929
001724431,DB00929
000251451,DB00929
655970701,DB00930
005970003,DB00932
009045711,DB00935
000850756,DB00935
009045217,DB00935
004721595,DB00935
001821444,DB00935
001730520,DB00938
001730465,DB00938
001730464,DB00938
001730696,DB00938
001730697,DB00938
001730695,DB00938
009047704,DB00945
005913219,DB00945
005271552,DB00945
005747034,DB00945
005747036,DB00945
177140011,DB00945
005970001,DB00945
009044040,DB00945
003100720,DB00947
000370430,DB00949
510790529,DB00950
000881107,DB00950
669930107,DB00950
510790083,DB00951
510790082,DB00951
001730562,DB00952
000060267,DB00953
530140548,DB00956
009043440,DB00956
004060357,DB00956
000153215,DB00958
000153212,DB00958
007034248,DB00958
007033248,DB00958
007030031,DB00959
000090190,DB00959
000090039,DB00959
633230258,DB00959
000090056,DB00959
007030051,DB00959
000090113,DB00959
000090758,DB00959
000090796,DB00959
000090073,DB00959
000093475,DB00959
633230265,DB00959
553900209,DB00959
000090049,DB00959
000093073,DB00959
669930842,DB00959
003780052,DB00960
001860412,DB00961
000650665,DB00964
005970039,DB00966
510790200,DB00968
510790201,DB00968
499990747,DB00971
004721533,DB00971
000370241,DB00972
665820414,DB00973
510790070,DB00975
005970001,DB00975
510790068,DB00975
510790069,DB00975
005559009,DB00977
525440630,DB00977
242080735,DB00979
000650359,DB00979
000650396,DB00979
602670600,DB00981
000851402,DB00983
001860372,DB00983
009042051,DB00985
649800131,DB00986
100190016,DB00986
596300200,DB00986
005174601,DB00986
005174605,DB00986
553900131,DB00987
553900809,DB00987
553900133,DB00987
000090373,DB00987
576650331,DB00987
510790005,DB00988
004099104,DB00988
003381007,DB00988
005171805,DB00988
004097809,DB00988
000780323,DB00989
000780324,DB00989
000780339,DB00989
000097663,DB00990
553900600,DB00993
000548084,DB00993
000544084,DB00993
656490231,DB00993
242080635,DB00994
242080790,DB00994
001680012,DB00994
615700033,DB00994
009980630,DB00994
001680027,DB00994
615700047,DB00994
000650631,DB00994
510790015,DB00994
005744103,DB00994
000710805,DB00996
680840079,DB00996
597625026,DB00996
000710806,DB00996
000710803,DB00996
001724383,DB00996
000712012,DB00996
680840081,DB00996
001724382,DB00996
009045631,DB00996
001724381,DB00996
553900233,DB00997
000131106,DB00997
553900232,DB00997
173149600,DB00997
680840086,DB00999
007811008,DB00999
000073650,DB00999
006033855,DB00999
006033856,DB00999
000746978,DB00999
001820557,DB00999
001730682,DB01001
510790657,DB01001
172700721,DB01001
005970013,DB01001
593100579,DB01001
001724390,DB01001
687740600,DB01001
599301560,DB01001
004879501,DB01001
495020697,DB01001
503830741,DB01001
188600678,DB01003
530140678,DB01003
174780291,DB01003
607930011,DB01003
000046940,DB01004
633230315,DB01004
000040269,DB01004
000030830,DB01005
498840724,DB01005
680840284,DB01005
000780249,DB01006
672860053,DB01008
621610005,DB01008
591480070,DB01008
674570190,DB01010
100190873,DB01010
763360455,DB01011
555130073,DB01012
004720400,DB01013
001680162,DB01013
593662791,DB01013
516721259,DB01013
516721258,DB01013
604320133,DB01013
004720401,DB01013
656490101,DB01014
000540079,DB01014
000930088,DB01015
537460271,DB01015
009042725,DB01015
006412765,DB01015
503830823,DB01015
004721284,DB01015
007039514,DB01015
510790872,DB01016
001725712,DB01016
000939477,DB01016
001725710,DB01016
000090352,DB01016
001822647,DB01016
510790873,DB01016
000090171,DB01016
000876072,DB01016
000090141,DB01016
000876073,DB01016
000876074,DB01016
000055343,DB01017
599115870,DB01017
002055305,DB01017
000318901,DB01018
654730697,DB01019
512850697,DB01019
654730704,DB01019
633040995,DB01019
501110325,DB01019
581770222,DB01020
581770238,DB01020
002282631,DB01020
000853306,DB01020
000854110,DB01020
005481240,DB01022
004099157,DB01022
000749157,DB01022
000060043,DB01022
004099158,DB01022
250100405,DB01022
001860451,DB01023
006771768,DB01023
001860450,DB01023
611130451,DB01023
534890368,DB01023
000780385,DB01024
003780261,DB01026
458020465,DB01026
504580220,DB01026
000872772,DB01029
000872773,DB01029
005915347,DB01032
003640314,DB01032
003780156,DB01032
000544581,DB01033
578440522,DB01033
001730807,DB01033
000741903,DB01035
004091903,DB01035
001722345,DB01035
000741902,DB01035
004091902,DB01035
000094541,DB01036
000094544,DB01036
395060022,DB01037
000746123,DB01039
000746122,DB01039
595720205,DB01041
595720105,DB01041
595720302,DB01042
001730130,DB01042
674570215,DB01042
001730045,DB01042
595720301,DB01042
004563205,DB01043
004563210,DB01043
548684797,DB01044
000680510,DB01045
000680508,DB01045
553900123,DB01045
510790890,DB01045
174780151,DB01045
000680597,DB01045
647640240,DB01046
000930264,DB01047
000930262,DB01047
516721264,DB01047
001730691,DB01048
001730664,DB01048
001730661,DB01048
680940503,DB01050
009045186,DB01050
505800601,DB01050
009045854,DB01050
510790282,DB01050
009041748,DB01050
000450448,DB01050
009045853,DB01050
510790281,DB01050
625840746,DB01050
001821810,DB01050
000490530,DB01053
003381023,DB01053
607930702,DB01053
003381021,DB01053
007816136,DB01053
003381025,DB01053
000490520,DB01053
000851747,DB01058
499990168,DB01060
510790601,DB01060
666851001,DB01060
498840298,DB01060
000933107,DB01060
000296075,DB01060
000296080,DB01060
000296086,DB01060
000296090,DB01060
000030101,DB01060
553700884,DB01060
666851002,DB01060
574800434,DB01062
009042821,DB01062
173148501,DB01062
004091410,DB01064
000491560,DB01067
000491620,DB01067
597625031,DB01067
597625033,DB01067
000491550,DB01067
620370871,DB01067
005910845,DB01067
597625032,DB01067
510790811,DB01067
510790810,DB01067
620370872,DB01067
001723649,DB01067
510790882,DB01068
000040058,DB01068
576640274,DB01068
000040068,DB01068
510790881,DB01068
510790895,DB01069
000080212,DB01069
545691046,DB01069
000080019,DB01069
007130526,DB01069
006411495,DB01069
006410928,DB01069
458020759,DB01069
000080027,DB01069
000033623,DB01072
000033624,DB01072
000033631,DB01072
007034852,DB01073
504190511,DB01073
009045306,DB01075
001826168,DB01075
177140020,DB01075
006410376,DB01075
009045174,DB01075
001210489,DB01075
545694466,DB01076
633040827,DB01076
000710155,DB01076
000710156,DB01076
000710157,DB01076
000710158,DB01076
000780356,DB01079
000780355,DB01079
000543194,DB01081
003780415,DB01081
510790067,DB01081
398220706,DB01082
613140204,DB01085
009980203,DB01085
613140203,DB01085
009980204,DB01085
009980206,DB01085
000650215,DB01085
242080686,DB01085
102230201,DB01086
002830679,DB01086
000241596,DB01087
101480102,DB01088
000780176,DB01095
000930174,DB01097
605052502,DB01097
000882160,DB01097
003100755,DB01098
003100752,DB01098
003100751,DB01098
682589124,DB01099
001873554,DB01099
000040079,DB01099
001873555,DB01099
578440187,DB01100
000041101,DB01101
001725674,DB01104
009045867,DB01104
510790762,DB01104
529590361,DB01104
580160668,DB01104
000494910,DB01104
001725673,DB01104
000494900,DB01104
003003046,DB01109
006410400,DB01109
006412436,DB01109
000560170,DB01109
000548724,DB01109
633230262,DB01109
000744910,DB01109
003380550,DB01109
171910035,DB01109
004097793,DB01109
000063628,DB01109
002649587,DB01109
000084188,DB01109
006410410,DB01109
633230542,DB01109
633230540,DB01109
006412440,DB01109
000741151,DB01109
004091151,DB01109
003380431,DB01109
642530333,DB01109
000746102,DB01109
006412450,DB01109
000625430,DB01110
000670949,DB01110
000640650,DB01110
494524775,DB01110
593900067,DB01110
004721738,DB01110
000625426,DB01110
001680142,DB01110
004720730,DB01110
615700414,DB01111
398220615,DB01111
633230393,DB01111
001730387,DB01112
001730400,DB01112
001730424,DB01112
530140548,DB01114
510790163,DB01114
000268851,DB01115
000935272,DB01115
548681521,DB01115
000268841,DB01115
677670151,DB01115
000851716,DB01115
000851701,DB01115
000692670,DB01115
000692660,DB01115
002282497,DB01115
000851722,DB01115
000692650,DB01115
005913193,DB01115
510790664,DB01115
510790665,DB01115
001730675,DB01117
001730547,DB01117
000084188,DB01118
002450147,DB01118
000080814,DB01118
633230616,DB01118
510790906,DB01118
553900057,DB01118
005756200,DB01119
519272742,DB01119
001680312,DB01127
680840374,DB01128
003100705,DB01128
001730675,DB01131
647640301,DB01132
647640451,DB01132
647640151,DB01132
000744437,DB01135
000074140,DB01136
000074139,DB01136
510790771,DB01136
548684396,DB01136
510790931,DB01136
510790930,DB01136
000074141,DB01136
548684421,DB01136
504580166,DB01137
000451525,DB01137
000451520,DB01137
000450068,DB01137
000450067,DB01137
000450066,DB01137
504580930,DB01137
504580925,DB01137
504580920,DB01137
005550271,DB01138
005550272,DB01138
004693250,DB01141
004693211,DB01141
624360523,DB01142
510790438,DB01142
510790436,DB01142
510790437,DB01142
000870039,DB01149
000870032,DB01149
001724332,DB01149
001724333,DB01149
007811972,DB01151
007811971,DB01151
545690404,DB01151
007811975,DB01151
545691701,DB01151
001730135,DB01156
005913540,DB01156
001730730,DB01156
510790944,DB01156
009045913,DB01156
001730178,DB01156
001730177,DB01156
005910839,DB01156
001730947,DB01156
633230478,DB01161
553900403,DB01161
000744169,DB01161
000743807,DB01162
009045652,DB01162
000743806,DB01162
000743805,DB01162
000650795,DB01164
001861165,DB01164
003380811,DB01164
000743236,DB01164
000744928,DB01164
245710103,DB01164
003380125,DB01164
004094928,DB01164
003381147,DB01164
003381144,DB01164
003380117,DB01164
174780713,DB01165
633950101,DB01165
242080434,DB01165
119800779,DB01165
591480002,DB01166
000540028,DB01166
510790424,DB01166
669930008,DB01166
101471700,DB01167
504580290,DB01167
504580295,DB01167
544820053,DB01168
634590600,DB01169
000548708,DB01174
545693251,DB01174
000743778,DB01174
000314250,DB01174
662130423,DB01174
000742343,DB01174
510790094,DB01174
662130425,DB01174
516600784,DB01174
001431458,DB01174
516600787,DB01174
001210531,DB01174
006410476,DB01174
510790095,DB01174
545693282,DB01174
000548707,DB01174
006410477,DB01174
004360585,DB01174
578664224,DB01174
004562010,DB01175
510790543,DB01175
000132586,DB01177
633230142,DB01181
534890552,DB01182
124961306,DB01183
005481469,DB01183
634810377,DB01183
004091212,DB01183
004094051,DB01190
000744197,DB01190
680840243,DB01190
000093375,DB01190
000090760,DB01190
000744050,DB01190
553900109,DB01190
000093381,DB01190
004094197,DB01190
004094050,DB01190
000744051,DB01190
000744052,DB01190
004094052,DB01190
597623728,DB01190
510790598,DB01190
000093116,DB01190
000093382,DB01190
001680201,DB01190
634810624,DB01192
580160300,DB01193
000650275,DB01194
000890305,DB01195
293360305,DB01195
000890307,DB01195
597727046,DB01197
597727047,DB01197
009045045,DB01197
498840794,DB01197
000040162,DB01197
007811838,DB01197
498840793,DB01197
000030450,DB01197
003782042,DB01200
000780017,DB01200
504740002,DB01202
680840337,DB01202
504740595,DB01202
504740592,DB01202
504740594,DB01202
504740001,DB01202
627560513,DB01202
504740591,DB01202
000540224,DB01202
510790821,DB01202
009046001,DB01202
147890400,DB01202
510790820,DB01202
510790814,DB01203
003780028,DB01203
510790812,DB01203
510790813,DB01203
597722463,DB01203
007034685,DB01204
633230132,DB01204
440871520,DB01204
633230424,DB01205
000046912,DB01205
000046911,DB01205
242080545,DB01210
242080505,DB01210
000743368,DB01211
000742586,DB01211
687740120,DB01211
000743188,DB01211
007813209,DB01212
007813206,DB01212
000042002,DB01212
000041962,DB01212
000041963,DB01212
003385003,DB01212
000041965,DB01212
003385002,DB01212
000042003,DB01212
000041964,DB01212
674570211,DB01213
621610003,DB01213
242080275,DB01214
005550770,DB01216
000060072,DB01216
680840247,DB01216
510790520,DB01216
000060071,DB01216
510790323,DB01217
003100201,DB01217
001490734,DB01219
001490030,DB01219
275050001,DB01219
656490301,DB01220
656490303,DB01220
607930581,DB01221
553900475,DB01221
004092051,DB01221
000742051,DB01221
420230115,DB01221
420230114,DB01221
654830702,DB01222
001860915,DB01222
001860702,DB01222
001861988,DB01222
001861989,DB01222
001860372,DB01222
005173810,DB01223
000548025,DB01223
000548026,DB01223
006770003,DB01223
004095921,DB01223
000745922,DB01223
003100280,DB01224
003100275,DB01224
003100271,DB01224
009046278,DB01224
009046277,DB01224
003100282,DB01224
003100272,DB01224
003100283,DB01224
003100278,DB01224
009046279,DB01224
009046280,DB01224
000750620,DB01225
000752915,DB01225
000752912,DB01225
000750624,DB01225
000750621,DB01225
000750623,DB01225
000750622,DB01225
000744365,DB01226
553900114,DB01229
001723754,DB01229
000153475,DB01229
250210213,DB01229
633230763,DB01229
000746057,DB01230
000040245,DB01232
000040246,DB01232
510790283,DB01233
000316709,DB01233
548684167,DB01233
009041070,DB01233
000548563,DB01233
007034502,DB01233
001821789,DB01233
609770451,DB01233
006410367,DB01234
613140647,DB01234
242080295,DB01234
000548175,DB01234
000650648,DB01234
000548181,DB01234
604320466,DB01234
005174905,DB01234
006412277,DB01234
000650631,DB01234
633230516,DB01234
007033524,DB01234
000548179,DB01234
000650647,DB01234
005174901,DB01234
633230165,DB01234
545691224,DB01234
000548176,DB01234
009980615,DB01234
000544184,DB01234
000543176,DB01234
000543177,DB01234
009980630,DB01234
000548180,DB01234
000560521,DB01235
009047719,DB01235
000560601,DB01235
188600342,DB01235
000913342,DB01235
216950002,DB01238
591480006,DB01238
591480007,DB01238
591480016,DB01238
591480013,DB01238
591480009,DB01238
591480008,DB01238
001730517,DB01240
001730519,DB01240
510790787,DB01241
004069907,DB01242
000780317,DB01242
007812027,DB01242
000758001,DB01248
004090201,DB01248
000130105,DB01250
000030852,DB01254
000030524,DB01254
000265561,DB01260
000060277,DB01261
580630600,DB01262
628560600,DB01262
000851328,DB01263
596760560,DB01264
596760561,DB01264
596760562,DB01264
504580550,DB01267
504580551,DB01267
000690770,DB01268
000690980,DB01268
510790075,DB01275
001820554,DB01275
001820555,DB01275
625840733,DB01275
637390127,DB01275
005170901,DB01275
510790076,DB01275
680840447,DB01275
510790074,DB01275
498840029,DB01275
501110327,DB01275
174780934,DB01275
633230614,DB01275
000074401,DB01280
000032187,DB01281
101390905,DB01284
005485900,DB01284
630047731,DB01285
000890815,DB01291
001697501,DB01306
001693685,DB01306
000882500,DB01309
001730721,DB01319
497020207,DB01319
000714007,DB01320
633230403,DB01320
000714008,DB01320
000073137,DB01327
002643103,DB01327
002643105,DB01327
007813451,DB01327
000073135,DB01327
000157338,DB01327
007813157,DB01327
000073131,DB01327
633230238,DB01327
633040941,DB01327
007813452,DB01327
000157339,DB01327
003100377,DB01330
003100379,DB01330
003100378,DB01330
000063356,DB01331
100190280,DB01337
006412547,DB01337
007032804,DB01337
000744646,DB01337
007032925,DB01339
100190482,DB01339
000520441,DB01339
004091632,DB01339
553900037,DB01339
005742002,DB01344
000241075,DB01344
462870006,DB01344
667580008,DB01364
685460142,DB01367
004094928,DB01373
637390354,DB01377
000914401,DB01390
005171550,DB01390
004096609,DB01390
000746637,DB01390
005364544,DB01390
665530008,DB01390
004096625,DB01390
522680100,DB01390
004096637,DB01390
245710103,DB01390
000746609,DB01390
000740074,DB01394
133100119,DB01394
001431201,DB01394
553900605,DB01394
000890149,DB01399
002450154,DB01399
521520020,DB01399
009041251,DB01399
009041250,DB01399
521520019,DB01399
007032704,DB01400
000743723,DB01400
621740577,DB01400
633230383,DB01400
001873101,DB01400
548680215,DB01406
000240305,DB01406
005970075,DB01409
605050834,DB01413
545694683,DB01413
605050681,DB01413
514790055,DB01413
514790054,DB01413
000093618,DB01416
633040520,DB01416
000093617,DB01416
576640175,DB01421
553900042,DB01427
000870580,DB01432
001850940,DB01432
498840465,DB01432
001820904,DB01438
009047922,DB01438
001820138,DB01438
006770533,DB01575
000073519,DB01576
540920387,DB01576
548683976,DB01576
005550762,DB01576
005550971,DB01576
005550952,DB01576
540920381,DB01576
589140785,DB01586
525440930,DB01586
005913159,DB01586
512480150,DB01591
007310401,DB01593
000063516,DB01597
000063516,DB01598
000743956,DB01601
000746799,DB01601
000743959,DB01601
002068452,DB01606
002068852,DB01606
002068854,DB01606
002068862,DB01606
002068855,DB01606
002068860,DB01606
000296571,DB01607
000780470,DB01609
000040039,DB01610
000040038,DB01610
003780373,DB01611
000241562,DB01611
634810072,DB01618
000650085,DB01620
510790586,DB01623
510790587,DB01623
510790589,DB01623
510790588,DB01623
462870500,DB01638
001450628,DB01744
619240188,DB01744
002560185,DB01783
680840065,DB01783
002649587,DB01914
009420641,DB01914
003380687,DB01914
003380683,DB01914
003380675,DB01914
003380077,DB01914
003380125,DB01914
003380671,DB01914
003380023,DB01914
003380089,DB01914
003380085,DB01914
003380017,DB01914
004097923,DB01914
004094902,DB01914
003380711,DB01914
002641978,DB01914
245710103,DB01914
003380803,DB01914
003380807,DB01914
003380811,DB01914
002649341,DB01956
000722540,DB02300
502220260,DB02300
004303020,DB02300
000720260,DB02300
004303010,DB02300
000744339,DB02325
000743641,DB02325
000746143,DB03166
004096143,DB03166
005362425,DB03255
004091593,DB03754
000741593,DB03754
005172502,DB03793
589800610,DB03904
008840449,DB03904
589800625,DB03904
001210595,DB04272
462870014,DB04272
003270011,DB04272
009420641,DB04272
003380117,DB04398
245710103,DB04398
003380811,DB04398
003380125,DB04398
003270011,DB04564
007034301,DB04572
553900030,DB04572
000690808,DB04835
000690807,DB04835
647640918,DB04854
000244142,DB04855
658470205,DB04899
000237915,DB04930
430680106,DB04946
430680113,DB04946
430680102,DB04946
088809505,DB05245
545691088,DB05245
498840600,DB05245
000881153,DB05259
685460317,DB05259
597304203,DB05276
135330636,DB05276
597304202,DB05276
604920052,DB05276
604920051,DB05276
555130221,DB05332
484330230,DB05382
005177604,DB06151
000870570,DB06151
617030204,DB06151
000870572,DB06151
005177504,DB06151
662200207,DB06151
004093308,DB06151
628560582,DB06201
000024759,DB06209
000624010,DB06211
504580401,DB06211
591480020,DB06212
591480021,DB06212
593380775,DB06215
001315410,DB06218
001312480,DB06218
001311810,DB06218
001312477,DB06218
504580578,DB06228
504580580,DB06228
000028971,DB06285
000081179,DB06287
004693525,DB06402
584680126,DB06410
648940805,DB06410
584680120,DB06410
648940825,DB06410
596760570,DB06414
004560600,DB06590
180063334,DB06614
000268197,DB06692
000268196,DB06692
005970107,DB06695
005970135,DB06695
555668401,DB06699
000650085,DB06711
545692657,DB06711
174780216,DB06711
002450003,DB06715
484330230,DB06715
000063941,DB06717
001211761,DB06723
168370860,DB06723
000548120,DB06724
000548116,DB06724
000741040,DB06761
000725712,DB06768
634590391,DB06769
005362525,DB06774
545694332,DB06774
540920252,DB06792
540920247,DB06792
540920253,DB06792
510790624,DB06795
627940101,DB06795
006771682,DB06799
000680277,DB06799
000081218,DB06800
000342100,DB06812
676180150,DB06812
000060227,DB06817
633230011,DB07565
634020304,DB08815
001860777,DB08816
520150080,DB08874
579020249,DB08886
001828534,DB09020
510790006,DB09020
510790552,DB09020
002450104,DB09020
545691895,DB09020
005747050,DB09020
529590674,DB09020
005363381,DB09020
000780485,DB09026
102230201,DB09085
000650741,DB09085
004560459,DB09100
004560461,DB09100
004560462,DB09100
004560458,DB09100
109390118,DB09104
001210431,DB09104
001211761,DB09104
002641965,DB09106
007035079,DB09106
004097248,DB09106
000747248,DB09106
007034805,DB09110
633230733,DB09110
553900045,DB09110
000153563,DB09110
001780610,DB09125
633230229,DB09141
002700556,DB09142
003380013,DB09145
003380004,DB09145
005173050,DB09145
000040380,DB09145
633230185,DB09145
000744887,DB09145
005172340,DB09146
003380117,DB09153
005172930,DB09153
002649341,DB09153
002641909,DB09153
633230186,DB09153
003380675,DB09153
003380691,DB09153
003380671,DB09153
003380803,DB09153
003380045,DB09153
003786997,DB09153
003380054,DB09153
003380089,DB09153
000022024,DB09153
003380049,DB09153
004091583,DB09153
002231760,DB09153
002647800,DB09153
003380043,DB09153
003380085,DB09153
003380553,DB09153
000741583,DB09153
000741584,DB09153
000743236,DB09153
004091584,DB09153
000747983,DB09153
000744888,DB09153
242080277,DB09153
245710103,DB09153
003381144,DB09153
000650795,DB09153
003380807,DB09153
003380811,DB09153
003380048,DB09153
003380221,DB09153
522680100,DB09153
003381147,DB09153
000914401,DB09153
002641965,DB09153
656490201,DB09153
000741141,DB09153
004094888,DB09153
003380077,DB09153
003380125,DB09153
009420641,DB09154
462870014,DB09154
001210595,DB09154
000650795,DB09154
005170310,DB09241
005170301,DB09241
004097419,DB09255
004097418,DB09255
005740121,DB09278
005740120,DB09278
656490201,DB09287
519910457,DB09287
621750442,DB09287
522680100,DB09287
115237268,DB09287
000097224,DB09312
117010050,DB09321
100190631,DB09324
633230369,DB09324
000490024,DB09324
000490013,DB09324
100190630,DB09324
000490014,DB09324
633230368,DB09324
001260088,DB09325
602580151,DB09325
003381144,DB09341
002647510,DB09341
003381147,DB09341
004960716,DB09345
004960748,DB09345
004093299,DB09395
005172096,DB09395
000650795,DB09395
003380221,DB09395
633230066,DB09395
002649341,DB09395
000743236,DB09395
003381144,DB09395
003381147,DB09395
581770238,DB09401
581770222,DB09401
000854110,DB09401
007811556,DB09401
245710103,DB09407
003381144,DB09407
000743236,DB09407
003380221,DB09407
000650795,DB09407
003381147,DB09407
004097295,DB09413
649800104,DB09413
003381144,DB09414
003381147,DB09414
004097295,DB09414
003380518,DB09422
003380519,DB09422
004099789,DB09422
004099789,DB09446
649800104,DB09449
004097391,DB09449
005173450,DB09449
007130102,DB09462
000650035,DB09462
001820271,DB09462
007130101,DB09462
000914401,DB09472
656490201,DB09472
522680100,DB09472
004092122,DB09477
007038411,DB09477
000742122,DB09477
000746102,DB09477
003270011,DB09481
005175019,DB09499
632560200,DB09511
001451504,DB09511
494527600,DB09511
000242791,DB09517
525440149,DB09517
670660005,DB09532
492810250,DB10062
492810545,DB10076
000051970,DB10286
000051970,DB10287
000051970,DB10288
000051970,DB10289
000051970,DB10290
000051970,DB10291
000051970,DB10292
000064827,DB10318
000064943,DB10319
000064739,DB10319
000064943,DB10320
000064739,DB10320
000064739,DB10321
000064943,DB10321
000064943,DB10322
000064739,DB10322
000064739,DB10323
000064943,DB10323
000064943,DB10324
000064739,DB10324
000064739,DB10325
000064943,DB10325
000064739,DB10326
000064943,DB10326
000064739,DB10327
000064943,DB10327
000064943,DB10328
000064739,DB10328
000064943,DB10329
000064739,DB10329
000064943,DB10330
000064739,DB10330
000064943,DB10331
000064739,DB10331
000064739,DB10332
000064943,DB10332
000064943,DB10333
000064739,DB10333
000064943,DB10334
000064739,DB10334
000064943,DB10335
000064739,DB10335
000064943,DB10336
000064739,DB10336
000064943,DB10337
000064739,DB10337
000064739,DB10338
000064943,DB10338
000064943,DB10339
000064739,DB10339
000064943,DB10340
000064739,DB10340
000064943,DB10341
000064739,DB10341
496430138,DB10429
492810400,DB10583
492810298,DB10583
492810291,DB10583
492810800,DB10583
492810286,DB10583
492810298,DB10584
492810400,DB10584
492810291,DB10584
492810286,DB10584
333320012,DB10600
333320012,DB10780
333320012,DB10782
492810286,DB10787
492810400,DB10787
492810286,DB10788
492810400,DB10788
492810298,DB10788
492810400,DB10789
492810286,DB10789
492810400,DB10790
492810286,DB10790
492810009,DB10794
492810860,DB10795
492810860,DB10796
492810860,DB10797
492810589,DB10798
492810589,DB10799
492810589,DB10800
492810589,DB10801
492810640,DB10802
581600835,DB10989
581600826,DB10989
333320011,DB11041
333320010,DB11041
333320011,DB11043
333320010,DB11043
333320011,DB11044
333320010,DB11044
665210200,DB11048
000230240,DB11057
000230312,DB11057
174780062,DB11057
541620500,DB11058
174780062,DB11058
000230240,DB11058
000230312,DB11058
000230506,DB11060
000230506,DB11061
000321212,DB11065
398220205,DB11065
000321212,DB11066
398220205,DB11066
001211761,DB11074
005362220,DB11074
174780064,DB11075
005366237,DB11075
128700001,DB11080
009042244,DB11089
637390089,DB11089
510790019,DB11089
001210544,DB11089
128700001,DB11090
002231971,DB11094
000914150,DB11094
009045824,DB11094
104320170,DB11094
370000024,DB11097
002649341,DB11102
003630693,DB11110
003954210,DB11110
004365151,DB11110
000548131,DB11113
004360946,DB11123
004360936,DB11123
004875901,DB11124
005173910,DB11126
633230311,DB11126
009043220,DB11129
005747045,DB11130
429980203,DB11130
633040203,DB11130
102230201,DB11148
329090715,DB11150
329090945,DB11150
009980315,DB11181
009980311,DB11181
243850133,DB11286
607930205,DB11300
526047100,DB11300
526047104,DB11300
526047102,DB11300
676180300,DB11365
009045165,DB11365
000341200,DB11365
005170375,DB11577
005361389,DB11578
681520101,DB11596
492810752,DB11601
135330618,DB11603
135330634,DB11604
000064981,DB11627
581600820,DB11627
000490013,DB12127
633230368,DB12127
000490024,DB12127
000490014,DB12127
633230369,DB12127
634020512,DB13139
398220205,DB13147
000321212,DB13147
003380221,DB13180
605743101,DB13886
442063101,DB13886
492810489,DB13887
492810489,DB13888
492810489,DB13889
492810489,DB13890
005747045,DB13913
001860004,DB13919
001860016,DB13919
000090417,DB13943
001450628,DB14123
541620550,DB14123
602580006,DB14151
649800104,DB14151
541620550,DB14156
004099789,DB14233
581600876,DB14385
492810298,DB14388
656490201,DB14482
525440630,DB14491
633230076,DB14498
000743294,DB14498
004697600,DB14498
004560662,DB14500
004097391,DB14502
005173450,DB14502
649800104,DB14502
000543527,DB14507
548682557,DB14509
000074010,DB14509
000540020,DB14509
000548526,DB14509
000548527,DB14509
605052504,DB14509
689684492,DB14509
004096729,DB14513
004960716,DB14539
682200140,DB14539
000728100,DB14544
000090825,DB14545
000090900,DB14545
000090011,DB14545
492810009,DB14615
492810009,DB14616
581600876,DB14617
581600876,DB14618
604320212,DB14631
530140250,DB14631
000090039,DB14644
000090796,DB14644
000090765,DB14644
000090758,DB14644
553900209,DB14644
633230265,DB14644
633230258,DB14644
000090190,DB14644
000090113,DB14644
000093389,DB14644
576650002,DB14712
005489090,DB14740
674250002,DB14740
613140637,DB15566
000230313,DB15566
119800022,DB15566
119800174,DB15566
119800180,DB15566
